timecode,value1,value2
13488,26535.982586293685,34378.76249618348
40095,39099.907846799186,57045.152024768475
16675,58867.03693385742,31658.4724990314
17124,37479.73700461962,32434.43035823132
27797,19541.473723749685,55653.699968042034
9376,54808.22426979649,35909.90527791896
22975,44023.88840101489,48035.607068153375
12525,56934.34155025509,17910.771109118592
40461,6151.414629004548,47088.09425929853
21289,45041.841824927,2760.8432484949144
